question,answer,supporting_sources,context
"If a client chooses a room category higher than their eligibility (e.g., a Suite instead of a Single Private Room), exactly how is their final claim calculated, and are any items exempt from this penalty?","When a patient occupies a room category higher than their eligible limit, the insurer applies a ""pro-rata"" deduction to all ""Associate Medical Expenses."" These expenses include nursing charges, operation theatre fees, and consultant/specialist fees, which are reduced in proportion to the difference between the actual and eligible room rent. However, per the standard exclusions and policy guidelines, pharmacy/medicine costs, implants, medical devices, and diagnostic tests are exempt from this pro-rata deduction and are paid in full (subject to the sum insured).",Health_Insurance_Policy_TandC.pdf (Section 12: Associate Medical Expenses); List_of_Standard_Claim_Exclusions.pdf (Important Notes: Item 3),"[Retrieved Chunk 1] (Source: Health_Insurance_Policy_TandC.pdf, Page: 26)
shall be assessed in the following progressive order: 12. If a room was occupied where the Room Rent or Room Category is higher than the eligible limit, the Associate Medical Expenses payable shall be pro-rated accordingly. 13. The Deductible (if applicable) shall be applied to the aggregate of all claims paid or payable under this policy. 14. Co-payment (if applicable) shall be applied to the admissible claim amount. 15. The balance amount, subject to any sub-limits, shall be the claim payable. The claim amount assessed above will be deducted from the following amounts in the following progressive order: 8. Sum Insured 9. Plus Benefit (if applicable) 10. Cumulative Bonus

[Retrieved Chunk 2] (Source: Health_Insurance_Policy_TandC.pdf, Page: 11)
If opted, the Policyholder is entitled to a reduction in the total premium payable (covering Base Benefits plus selected Optional Benefits). However: • If the Insured Person receives treatment in hospitals not listed in the approved network (Annexure III), a co-payment of 20% on each and every claim from such hospital applies, in addition to any other co-payment applicable in the policy. • No additional co-payment applies when treatment is received in listed network hospitals. Note: For an updated list of approved hospitals, refer to the Company's official website. 3.2.2 Room Rent Modification If opted, the Company modifies the eligible Room Rent or Room Category to either Single Private Room or Twin Sharing Room as specified in the policy schedule. If the Insured Person is admitted in a higher Room Category than eligible, the Insured Person shall bear the proportional share of Associate Medical Expenses corresponding to the difference between the actual Room Rent and the eligible Room Rent. • Single Private Room: Maximum eligible room category is a Single Private Room. • Twin Sharing Room: Maximum eligible room category is a Twin Sharing Room.

[Retrieved Chunk 3] (Source: Health_Insurance_Policy_TandC.pdf, Page: 11)
• Twin Sharing Room: Maximum eligible room category is a Twin Sharing Room. Note: Room category nomenclature may vary between hospitals; the final determination will be based on policy definitions. No limit applies to ICU charges under this benefit. 3.2.3 Pre-Existing Disease (PED) Wait Period Modification If opted, the applicable 36-month waiting period for pre-existing disease claims is modified to the specific time period stated in the policy schedule, calculated from the date of inception of the first policy with the Company. 3.2.4 Named Ailment Wait Period Modification If opted, the applicable 24-month waiting period for named ailment claims is modified to the specific time period stated in the policy schedule, calculated from the inception of the first policy with the Company. 3.2.5 Instant Cover If opted, the Company waives the applicable PED waiting period for Diabetes, Hypertension, High Cholesterol (Hyperlipidaemia) and Asthma at the time of first policy issuance, with coverage commencing from the 31st day of the policy start date (after the initial 30-day waiting period)."
"I have a prospect with Type-2 Diabetes. If they buy the plan today, can they get covered immediately for diabetes-related complications, or do they have to wait 3 years?","Typically, Diabetes is considered a Pre-Existing Disease (PED) and is subject to a 36-month waiting period. However, the client can opt for the ""Instant Cover"" rider. This specific benefit waives the standard PED waiting period for Diabetes, Hypertension, High Cholesterol, and Asthma. If selected, coverage for these conditions begins after an initial 30-day waiting period (commencing from the 31st day of the policy). Without this rider, the standard 3-year clock applies.",Policy_Brocher.pdf (Waiting Periods Section); Health_Insurance_Policy_TandC.pdf (Section 3.2.5: Instant Cover),"[Retrieved Chunk 1] (Source: Health_Insurance_Policy_TandC.pdf, Page: 11)
• Twin Sharing Room: Maximum eligible room category is a Twin Sharing Room. Note: Room category nomenclature may vary between hospitals; the final determination will be based on policy definitions. No limit applies to ICU charges under this benefit. 3.2.3 Pre-Existing Disease (PED) Wait Period Modification If opted, the applicable 36-month waiting period for pre-existing disease claims is modified to the specific time period stated in the policy schedule, calculated from the date of inception of the first policy with the Company. 3.2.4 Named Ailment Wait Period Modification If opted, the applicable 24-month waiting period for named ailment claims is modified to the specific time period stated in the policy schedule, calculated from the inception of the first policy with the Company. 3.2.5 Instant Cover If opted, the Company waives the applicable PED waiting period for Diabetes, Hypertension, High Cholesterol (Hyperlipidaemia) and Asthma at the time of first policy issuance, with coverage commencing from the 31st day of the policy start date (after the initial 30-day waiting period).

[Retrieved Chunk 2] (Source: Health_Insurance_Policy_TandC.pdf, Page: 16)
Note: In case of enhancement of Sum Insured, the exclusion applies afresh to the extent of the increase. If any specified disease falls under the PED waiting period, the longer of the two waiting periods shall apply. If the Insured Person is continuously covered without break, the waiting period is reduced to the extent of prior coverage. (iii) 30-Day Waiting Period

[Retrieved Chunk 3] (Source: Health_Insurance_Policy_TandC.pdf, Page: 16)
4.1 Standard Exclusions (a) Waiting Periods (i) Pre-Existing Diseases a) Expenses related to treatment of a pre-existing Disease (PED) and its direct complications are excluded until the expiry of 36 months of continuous coverage after the date of inception of the first policy. b) In case of enhancement of Sum Insured, the exclusion applies afresh to the extent of the Sum Insured increase. c) If the Insured Person is continuously covered without any break as per portability norms, the waiting period is reduced to the extent of prior coverage. d) Coverage for pre-existing diseases after the expiry of 36 months is subject to the disease having been declared at the time of application and accepted by the insurer. (ii) Named Ailment Waiting Period Expenses related to treatment of the following listed conditions and surgeries are excluded until the expiry of 24 months of continuous coverage (this exclusion does not apply to claims arising from an accident): 1. Any treatment related to Arthritis (if non-infective), Osteoarthritis and Osteoporosis, Gout, Rheumatism, Spinal Disorders, Joint Replacement Surgery, Arthroscopic Knee Surgeries, ACL"
"A client was in a car accident and taken to a non-network hospital. What is the deadline for notifying us, and what specific legal documents must they collect to ensure their reimbursement isn't rejected?","For emergency admissions, the insurer must be notified (intimated) within 24 hours of admission via the mobile app or Self-Help Portal. Because this is an accidental case, the reimbursement claim must include a Medico-Legal Certificate (MLC) or a Police First Information Report (FIR) in addition to the standard discharge summary. Note that while medical treatment is covered, external durable medical equipment like crutches or braces used after discharge are listed as non-payable consumables.",Health_Insurance_Claim_Guide.pdf (Step 1: Registration); Policy_Brocher.pdf (Page 7: Documents for Accidental Cases); List_of_Standard_Claim_Exclusions.pdf (Section 4: External Durable Items),"[Retrieved Chunk 1] (Source: Health_Insurance_Policy_TandC.pdf, Page: 25)
2. The Company will acknowledge receipt of collected documents. In the case of delayed submission, the Company may examine and relax time limits on the merits of the case. 3. If a reimbursement claim is received after a pre-authorisation letter was issued for the same case, the Company will first check with the Network Provider whether the pre-authorisation was utilised before processing the reimbursement claim. 4. Payment under reimbursement shall be made to the Policyholder. In the event of the Policyholder's death, payment is made to the nominee (or legal heirs if no nominee exists). 5. 'Date of Loss' under Reimbursement Facility is the Date of Admission in the case of hospitalisation, and the actual date of loss for non-hospitalisation benefits. 6.1.3 Duties of a Claimant / Insured Person in the Event of a Claim 1. Check the updated list of Network Providers before submitting a pre-authorisation request for Cashless Facility. 2. Take all reasonable steps to minimise the quantum of any claim. 3. Provide all intimation, notification and documentation promptly and in accordance with the procedures and timeframes specified in this clause.

[Retrieved Chunk 2] (Source: Health_Insurance_Policy_TandC.pdf, Page: 25)
2. A claim must be filed within 30 days from the date of discharge from hospital (for hospitalisation) or actual date of loss (for non-hospitalisation benefits). The following details must be disclosed at the time of intimation: • Policy Number • Name of the Policyholder • Name and address of the Insured Person in respect of whom the claim is being made • Nature of illness or injury • Name and address of the attending Medical Practitioner and hospital • Date of admission or proposed date of admission for planned hospitalisation • Any other information, documentation or details requested by the Company 3. For Emergency Hospitalisation: the Company must be notified within 48 hours of hospitalisation commencing, or before discharge. 4. For Planned Hospitalisation: the Company must be notified at least 48 hours prior to the planned date of admission. 6.1.5 Documents to be Submitted for Registration of Claim

[Retrieved Chunk 3] (Source: Health_Insurance_Policy_TandC.pdf, Page: 26)
The following documentation must be submitted within the timeframes specified in Clause 6.1. The date of submission is deemed the date of claim registration for processing purposes: 1. Duly completed and signed Claim Form by the Insured Person 2. Copy of Photo ID and address proof of the Insured Person 3. Medical Practitioner's first consultation paper and referral letter advising hospitalisation 4. Medical Practitioner's prescription advising drugs, diagnostic tests or consultations 5. Original numbered bills/receipts and discharge summary from the hospital/Medical Practitioner 6. Original numbered bills from licensed pharmacy/chemists 7. Original pathological/diagnostic test reports, radiology reports and payment receipts 8. Operation Theatre Notes (if applicable) 9. Emergency Notes, Initial Assessment Sheet and Indoor Case Papers (if applicable) 10. Original investigation test reports and payment receipts supported by the Doctor's reference slip 11. Medico-Legal Certificate (MLC) / Police (FIR) Report, Post-Mortem Report (if applicable and conducted) 12. Ambulance Receipt (if applicable)"
"If a family of four uses their entire $10,000 sum insured on the father’s heart surgery in June, what happens if the child is hospitalized in August? Do they have to pay out of pocket?","Under the ""Unlimited Automatic Recharge"" feature, if the shared sum insured is exhausted, the policy automatically reinstates the base sum insured for subsequent hospitalizations in the same year. In this scenario, the child's August claim would be covered by the recharged amount. The system follows a specific ""progressive order"" for deductions: first the Base Sum Insured is used, then any accrued Cumulative Bonus, and finally the Automatic Recharge.",Policy_Brocher.pdf (How a Family Floater Works); Health_Insurance_Policy_TandC.pdf (Section 6.1: Order of Claim Assessment),"[Retrieved Chunk 1] (Source: Health_Insurance_Policy_TandC.pdf, Page: 7)
5. Any claim paid for Hospitalisation Expenses (In-Patient Care, Day Care Treatment, Advance Technology Methods, Pre- and Post-Hospitalisation Expenses, Organ Donor Cover, Alternative Medicine Treatment and Domiciliary Hospitalisation), Road Ambulance Cover, Claim Shield, and Air Ambulance Cover shall reduce the Sum Insured for the Policy Year. 6. Admissibility of a claim under In-patient Care and/or Day Care Treatment is a pre-condition for claims under Pre- and Post-Hospitalisation Expenses, Organ Donor Cover, Road Ambulance Cover, Claim Shield, Plus Benefit, Air Ambulance Cover and Unlimited Care. The triggering event must occur within the Policy Period. 7. Mid-term inclusion of a person is only permitted upon marriage or childbirth. Additional pro-rata premium will apply. 8. On an Individual basis, each Insured Person may choose different Sum Insured and Optional Benefits. On a Floater basis, all Optional Benefits (if opted) shall be available to all Insured Persons unless specifically stated otherwise. 9. Linear interpolation will be used to calculate premium rates if an intermittent value of Sum Insured, sub-limit or benefit amount is chosen.

[Retrieved Chunk 2] (Source: Policy_Brocher.pdf, Page: 4)
 Pregnancy and Childbirth: Costs related to pregnancy and delivery, unless explicitly covered through a maternity benefit or add-on.  Self-Inflicted Injuries: Medical expenses arising from self-harm, suicide, or attempted suicide.  Cosmetic Treatments: Procedures performed purely for aesthetic or cosmetic reasons.  Obesity and Weight Management: Treatment for obesity or weight loss that does not satisfy the medical-necessity criteria stated in the policy.  Gender Reassignment: Medical procedures connected to gender change or reassignment.  Substance Abuse: Treatment required as a result of misuse of alcohol, drugs, or other intoxicating substances.  War and Civil Unrest: Hospitalisation caused by war, riots, terrorism, civil disturbance, or nuclear- related incidents. Who Can Be Covered Under a Family Floater? Most family policies allow up to two adults and two dependent children to be insured together. Some specialised plans can be extended to cover up to four dependent children. The table below shows common coverage combinations under a standard family plan: Combination Adult 1 Adult 2 Child 1 Child 2 1 Self Spouse — — 2 Self Spouse Yes —

[Retrieved Chunk 3] (Source: Health_Insurance_Policy_TandC.pdf, Page: 12)
Claim 2 of 1,500,000 → Combined with Claim 1 = 2,250,000 → Deductible now exhausted on 1,250,000 balance → Payable: 1,250,000 Claim 3 → Payable up to remaining Sum Insured 3.2.7 Co-payment If opted, the Insured Person bears a co-payment percentage (as specified in the policy schedule) on each and every claim. The Company's liability is restricted to the balance amount payable. The co- payment applies to each Insured Person for each claim as defined in the policy. 3.2.8 Newborn Cover If opted, the Company allows the addition of a newborn baby from Day 1. All applicable waiting periods remain valid. Premium is payable only at the time of addition of the newborn, pro-rated for the exposure period. 3.2.9 Plus Benefit An additional amount (as specified in the policy schedule) is available to the Insured Person for all admissible claims during the Policy Year, subject to: a) This benefit is applied on the base Sum Insured only. b) Any unutilised amount is not carried forward to the next Policy Year. c) The Plus Benefit can be used for any number of admissible claims during the Policy Year."
"A customer wants to switch their policy from a competitor to MeridianHealth. Can they carry forward their $2,000 'No-Claim Bonus' from their old insurer, and when must they start the application?","Portability applications must be submitted between 30 and 60 days before the current policy expires. While ""continuity benefits"" (the time already served toward waiting periods) are transferred, the ""Cumulative Bonus"" is generally not added to the new sum insured unless specifically agreed upon during underwriting. However, the customer will not have to restart the 3-year waiting period for pre-existing diseases if they have already completed it with their previous insurer.",Policy_Brocher.pdf (Page 3: Policy Portability); Health_Insurance_Policy_TandC.pdf (Section 2: Definitions - Cumulative Bonus),"[Retrieved Chunk 1] (Source: Health_Insurance_Policy_TandC.pdf, Page: 20)
In case of death of the Policyholder: • Where the policy covers only the Policyholder, the policy becomes null and void from the date and time of death. The Company will refund proportionate premium for the unexpired period, subject to no claim having been made. • Where the policy covers other Insured Persons as well, the policy continues until the end of the Policy Period for those persons. The Company will renew the policy on appointment of a new Policyholder (aged 18 or above, satisfying the Company's criteria), provided written notice is given before the Policy Period End Date. 5.8 Migration The Insured Person has the option to migrate the policy to other health insurance products offered by the Company by applying at least 30 days before the policy renewal date, as per applicable regulatory guidelines on migration. Accrued continuity benefits will be honoured if the policy has been continuously maintained without lapses. 5.9 Portability

[Retrieved Chunk 2] (Source: Health_Insurance_Policy_TandC.pdf, Page: 7)
5. Any claim paid for Hospitalisation Expenses (In-Patient Care, Day Care Treatment, Advance Technology Methods, Pre- and Post-Hospitalisation Expenses, Organ Donor Cover, Alternative Medicine Treatment and Domiciliary Hospitalisation), Road Ambulance Cover, Claim Shield, and Air Ambulance Cover shall reduce the Sum Insured for the Policy Year. 6. Admissibility of a claim under In-patient Care and/or Day Care Treatment is a pre-condition for claims under Pre- and Post-Hospitalisation Expenses, Organ Donor Cover, Road Ambulance Cover, Claim Shield, Plus Benefit, Air Ambulance Cover and Unlimited Care. The triggering event must occur within the Policy Period. 7. Mid-term inclusion of a person is only permitted upon marriage or childbirth. Additional pro-rata premium will apply. 8. On an Individual basis, each Insured Person may choose different Sum Insured and Optional Benefits. On a Floater basis, all Optional Benefits (if opted) shall be available to all Insured Persons unless specifically stated otherwise. 9. Linear interpolation will be used to calculate premium rates if an intermittent value of Sum Insured, sub-limit or benefit amount is chosen.

[Retrieved Chunk 3] (Source: Health_Insurance_Policy_TandC.pdf, Page: 12)
Claim 2 of 1,500,000 → Combined with Claim 1 = 2,250,000 → Deductible now exhausted on 1,250,000 balance → Payable: 1,250,000 Claim 3 → Payable up to remaining Sum Insured 3.2.7 Co-payment If opted, the Insured Person bears a co-payment percentage (as specified in the policy schedule) on each and every claim. The Company's liability is restricted to the balance amount payable. The co- payment applies to each Insured Person for each claim as defined in the policy. 3.2.8 Newborn Cover If opted, the Company allows the addition of a newborn baby from Day 1. All applicable waiting periods remain valid. Premium is payable only at the time of addition of the newborn, pro-rated for the exposure period. 3.2.9 Plus Benefit An additional amount (as specified in the policy schedule) is available to the Insured Person for all admissible claims during the Policy Year, subject to: a) This benefit is applied on the base Sum Insured only. b) Any unutilised amount is not carried forward to the next Policy Year. c) The Plus Benefit can be used for any number of admissible claims during the Policy Year."
Does the policy cover the cost of the delivery and the baby’s first vaccinations and diapers in the hospital?,"Maternity is covered under specific family plans, typically after a defined waiting period (refer to policy schedule). While the delivery and medical care for the mother/child are covered, ""baby charges"" such as baby food, utility sets, diapers, and bottles are explicitly listed as ""Not Payable"" consumables. Vaccinations are only covered if they are part of the ""In-patient"" medical treatment for a disease, not as routine wellness unless specified in a rider.",Policy_Brocher.pdf (Maternity Coverage); List_of_Standard_Claim_Exclusions.pdf (Section 1: Items 2-6),"[Retrieved Chunk 1] (Source: Health_Insurance_Policy_TandC.pdf, Page: 2)
ICU Charges Amounts charged by a hospital towards ICU expenses, including ICU bed, general medical support services, monitoring devices, critical care nursing and intensivist charges. Maternity Expenses Includes: (a) medical treatment expenses related to childbirth (including complicated deliveries and caesarean sections incurred during hospitalisation); (b) expenses towards lawful medical termination of pregnancy during the policy period. Medical Advice Any consultation or advice from a Medical Practitioner, including the issuance of any prescription or follow-up prescription. Medical Expenses Expenses necessarily and actually incurred by an Insured Person for medical treatment on account of illness or accident, on the advice of a Medical Practitioner, not exceeding what would be payable if the person were uninsured, and not more than other hospitals or doctors in the same locality would charge for the same treatment.

[Retrieved Chunk 2] (Source: Policy_Brocher.pdf, Page: 16)
Domiciliary Hospitalisation Cover When hospital-level care is required at home — because hospital admission is not possible or beds are unavailable — domiciliary expenses are covered as per policy terms. In-Patient Care Comprehensive in-patient coverage is provided, including ICU charges, doctor's fees, and other hospitalisation-related costs, up to the chosen sum insured. What Is Not Covered Under Individual Health Insurance? Like every insurance product, individual plans carry certain exclusions. Understanding these in advance prevents surprises during claim time. Most plans do not cover the following situations:  Self-Inflicted Harm: Injuries caused by deliberately hurting yourself, suicide, or attempted suicide.  Lifestyle-Related Issues: Illnesses arising directly from the use of alcohol, tobacco, or recreational substances, as well as sexually transmitted diseases.  Cosmetic and Aesthetic Procedures: Plastic surgery and similar treatments performed purely for cosmetic reasons.  Maternity and Childbirth: Costs related to pregnancy, miscarriage, normal or caesarean delivery,

[Retrieved Chunk 3] (Source: Health_Insurance_Policy_TandC.pdf, Page: 12)
Claim 2 of 1,500,000 → Combined with Claim 1 = 2,250,000 → Deductible now exhausted on 1,250,000 balance → Payable: 1,250,000 Claim 3 → Payable up to remaining Sum Insured 3.2.7 Co-payment If opted, the Insured Person bears a co-payment percentage (as specified in the policy schedule) on each and every claim. The Company's liability is restricted to the balance amount payable. The co- payment applies to each Insured Person for each claim as defined in the policy. 3.2.8 Newborn Cover If opted, the Company allows the addition of a newborn baby from Day 1. All applicable waiting periods remain valid. Premium is payable only at the time of addition of the newborn, pro-rated for the exposure period. 3.2.9 Plus Benefit An additional amount (as specified in the policy schedule) is available to the Insured Person for all admissible claims during the Policy Year, subject to: a) This benefit is applied on the base Sum Insured only. b) Any unutilised amount is not carried forward to the next Policy Year. c) The Plus Benefit can be used for any number of admissible claims during the Policy Year."
"Why should I use a 'Network Hospital'? If I go to my preferred non-network doctor, will I still get my full money back?","Using a Network Hospital allows for ""Cashless"" claims, where pre-authorization is approved within 1 hour. If you choose a Non-Network hospital, you must pay out-of-pocket and file for reimbursement, which takes up to 7 days for a status update. Furthermore, a ""Non-Network Co-payment"" of 20% will be deducted from your final eligible claim amount, meaning you will bear 20% of the cost regardless of your sum insured.",Health_Insurance_Claim_Guide.pdf (Cashless vs Reimbursement SLAs); Health_Insurance_Policy_TandC.pdf (Section 3.2.1: Approved Network Co-payment),"[Retrieved Chunk 1] (Source: Policy_Brocher.pdf, Page: 0)
hospital bills later in life. Cashless Hospitalisation in Emergencies When someone in the family is unwell, paying upfront for treatment is the last thing you want to worry about. Cashless treatment at network hospitals lets you focus on recovery while the insurer settles the bill directly. Encourages a Healthier Lifestyle

[Retrieved Chunk 2] (Source: Health_Insurance_Claim_Guide.pdf, Page: 1)
h) For high-value claims (local currency equivalent of approx. 1 lakh / USD 1,200 or above): provide a copy of a valid government-issued photo ID (e.g., national identity card, passport, driving licence, or voter registration card). The address on the ID must match the address recorded on the policy. Part 2: Cashless Claim Process The cashless route allows treatment at a network hospital without upfront payment. The insurer settles the bill directly with the hospital, subject to policy terms. 3. Locate an approved cashless network hospital using the insurer's mobile app or the hospital network search page on the official portal. 4. At the hospital, visit the insurance help desk or billing counter and present: the patient's health ID card or e-health card, the pre-authorisation request form, and a valid government-issued photo ID. 5. The hospital's billing team or Third-Party Administrator (TPA) desk will forward all documents to the insurer for pre-authorisation approval. 6. If any information is missing or unclear, the insurer may contact the hospital directly for clarification.

[Retrieved Chunk 3] (Source: Health_Insurance_Policy_TandC.pdf, Page: 24)
authorisation limit, which the Company will evaluate based on eligibility and available Sum Insured. 5. Event of Discharge from Hospital: All original bills and evidence of treatment must be submitted by the Network Provider before the Insured Person's discharge from hospital. 6. Company's Rejection: If the Company does not authorise the Cashless Facility (due to insufficient Sum Insured or insufficient information), the Policyholder/Insured Person must settle the hospital bill and may then submit a reimbursement claim, subject to policy limits. Note: Rejection of a pre-authorisation request is not a rejection of coverage or treatment. 7. Network Provider Changes: The Company may modify the list of Network Providers or the extent of Cashless Facilities available at any Network Provider. The Insured Person may refer to the current list on the Company's website or via the call centre. 8. Claim Settlement: For Cashless claims, payment is made directly to the Network Provider, which constitutes complete and final settlement. (b) Reimbursement Facility 1. All information and documentation (as specified in Clauses 6.1.4 and 6.1.5) must be submitted to"
"My client is undergoing a 4-hour cataract surgery and won't be staying overnight. Is this covered, and are the lenses used in the surgery payable?","Yes, this is covered as a ""Day Care Treatment."" Although standard hospitalization requires 24 hours, procedures that require anesthesia or advanced technology (like cataracts) are exempt from this rule. The ""Intraocular Lens"" used during the surgery is a ""Payable"" item under the standard exclusions list, provided it is part of the surgical package.",Health_Insurance_Policy_TandC.pdf (Section 2.1: Day Care Treatment); List_of_Standard_Claim_Exclusions.pdf (Important Notes: Item 4),"[Retrieved Chunk 1] (Source: List_of_Standard_Claim_Exclusions.pdf, Page: 5)
Cosmetic procedures and certain third-party administrative or aesthetic charges are excluded from cover. S. No. Item Payable / Non-Payable 181 Aesthetic treatment or surgery Not Payable 182 Third-party administrator charges Not Payable 183 Visco belt charges Not Payable 184 Any kit with no details mentioned (delivery kit, ortho kit, recovery kit, etc.) Not Payable 185 Examination gloves Not Payable 186 Kidney tray Not Payable 187 Mask Not Payable 188 Ounce glass Not Payable 189 Outstation consultant or surgeon's fees Not payable, except for telemedicine consultations where covered by the policy 190 Oxygen mask Not Payable 191 Paper gloves Not Payable 192 Pelvic traction belt Payable for 1 unit only in cases of prolapsed inter-vertebral disc requiring traction 193 Referral doctor's fees Not Payable 194 Glucometer or test strips Not payable as pre or post-hospitalisation. Reports and charts are required; the device itself is not payable Section 9 — Other Miscellaneous Non-Payable Items The following additional items are categorised as non-payable under standard exclusions: S. No. Item Payable / Non-Payable 195 Sputum container Not Payable

[Retrieved Chunk 2] (Source: List_of_Standard_Claim_Exclusions.pdf, Page: 1)
coverage for them. If they are not listed as covered, the claim is rejected for these heads. S. No. Item Payable / Non-Payable 62 Weight control programmes, supplies, or services Payable only if allowed in the policy; otherwise not payable 63 Cost of spectacles, contact lenses, or hearing aids Payable only if allowed in the policy; otherwise not payable 64 Dental treatment expenses that do not require hospitalisation Payable only if allowed in the policy; otherwise not payable 65 Hormone replacement therapy Payable only if allowed in the policy; otherwise not payable 66 Home visit charges Payable only if allowed in the policy; otherwise not payable 67 Infertility, sub-fertility, or assisted conception procedures Not Payable 68 Obesity treatment, including morbid obesity Payable only if allowed in the policy; otherwise not payable 69 Psychiatric and psychosomatic disorders Payable only if allowed in the policy; otherwise not payable 70 Corrective surgery for refractive error Payable only if allowed in the policy; otherwise not payable 71 Treatment of sexually transmitted diseases Payable only if allowed in the policy; otherwise not payable

[Retrieved Chunk 3] (Source: Policy_Brocher.pdf, Page: 22)
Whether a major surgery or a quick day-care procedure, the plan covers hospital expenses such as room rent, ICU charges, surgeon's fees, and consultation costs. Domiciliary Treatment and Alternative Therapies When hospital admission is not feasible, senior citizens can receive treatment in the comfort of their own home. Recognised alternative therapies such as homeopathy and naturopathy are also included, where supported by local regulation. Annual Health Check-Ups"
"What happens if a customer accidentally misses mentioning a thyroid condition on the form, but it comes up later during a claim?","This falls under the ""Disclosure of Information Norm."" If any material fact is misrepresented or non-disclosed, the policy is considered ""void ab-initio"" (invalid from the start). The insurer has the right to reject the claim, and all premiums paid by the customer will be forfeited. This applies even if the claim being made is unrelated to the thyroid condition.",Health_Insurance_Policy_TandC.pdf (Section 1: Preamble / Disclosure Norm); Policy_Brocher.pdf (Page 5: Important Buying Steps),"[Retrieved Chunk 1] (Source: Health_Insurance_Policy_TandC.pdf, Page: 25)
3. Provide all intimation, notification and documentation promptly and in accordance with the procedures and timeframes specified in this clause. 4. Submit to a medical examination by the Company's nominated Medical Practitioner as often as reasonably required. The cost of such examination is borne by the Company. 5. Grant the Company's Medical Practitioner and representatives access to inspect medical and hospitalisation records and to investigate the facts. 6. Provide complete documentation and information requested by the Company to establish its liability, including the circumstances and quantum of the claim. 6.1.4 Claims Intimation Upon occurrence of any illness or injury that may result in a claim, the following must be undertaken as a Condition Precedent to the Company's liability: 1. If any illness is diagnosed, any injury is suffered, or any other contingency occurs that has resulted in or may result in a claim, the Company must be notified with full particulars within 48 hours from the date of occurrence, either at the Company's call centre or in writing. 2. A claim must be filed within 30 days from the date of discharge from hospital (for hospitalisation)

[Retrieved Chunk 2] (Source: Health_Insurance_Policy_TandC.pdf, Page: 15)
opts for this benefit at their own risk, in exchange for a premium discount. 3.2.20 Health Management Program If opted, the Company provides a structured Health Management Program for Insured Persons diagnosed with specified chronic conditions such as Diabetes Mellitus, Hypertension, High Cholesterol (Hyperlipidaemia), Hypothyroidism, etc. (as applicable). The program aims to support effective disease management and improved health outcomes. Services provided through the Company's network include: • Dedicated Health Coach Support focused on the diagnosed health condition; • Condition-specific diagnostic tests; • Lifestyle guidance, personalised diet plans, live interactive sessions on nutrition, stress management, sleep management, and similar topics. 4. Exclusions

[Retrieved Chunk 3] (Source: Policy_Brocher.pdf, Page: 18)
within the standard turnaround time. Step 5: The claims team will reach out if there are reasons for rejection. Otherwise, the approved amount is credited to your bank account. Documents Required to File a Claim Keeping the right paperwork ready makes the claims experience smooth and prevents delays. Typical documents include:  A duly filled and signed claim form  Insured person's details, including name, policy number, nature of the illness, and address"
"Does this plan pay for Ayurvedic treatment for back pain, and can I get it done at any local wellness center?","The policy covers Alternative Medicine (AYUSH) only if the treatment is taken in a ""registered"" hospital. This hospital must have at least 5 in-patient beds, a dedicated doctor on-call 24/7, and maintain daily records. Wellness centers or spas that do not meet these clinical criteria are excluded.",Health_Insurance_Policy_TandC.pdf (Page 1: Definitions - Alternative Medicine Hospital); List_of_Standard_Claim_Exclusions.pdf (General Exclusions),"[Retrieved Chunk 1] (Source: Policy_Brocher.pdf, Page: 22)
Whether a major surgery or a quick day-care procedure, the plan covers hospital expenses such as room rent, ICU charges, surgeon's fees, and consultation costs. Domiciliary Treatment and Alternative Therapies When hospital admission is not feasible, senior citizens can receive treatment in the comfort of their own home. Recognised alternative therapies such as homeopathy and naturopathy are also included, where supported by local regulation. Annual Health Check-Ups

[Retrieved Chunk 2] (Source: Policy_Brocher.pdf, Page: 14)
 Day-Care Procedures: Hundreds of short-duration treatments that no longer require an overnight stay are covered.  Advanced Treatment Cover: Modern procedures such as robotic surgery and specialised therapies are included up to the sum insured.  Domiciliary Hospitalisation: Coverage for hospital-grade treatment received at home when admission is not feasible, up to the sum insured.  Zero Sub-Limits: Many premium plans place no separate caps on individual treatment expenses, subject to overall policy terms.  Cumulative Bonus: The sum insured is increased each claim-free year, often by 50% annually up to 100% or more, regardless of whether claims have been made.  Alternative and Traditional Therapies: Where supported by local regulation, hospitalisation expenses for recognised alternative therapies such as homeopathy or naturopathy are covered up to the sum insured.  Global Coverage: Selected premium variants offer worldwide coverage for treatment received outside your home country, subject to specified terms.  Unlimited E-Consultations: Free, unlimited online consultations with general physicians through the insurer's mobile application.

[Retrieved Chunk 3] (Source: Health_Insurance_Policy_TandC.pdf, Page: 8)
only, up to the Sum Insured, provided the expenses relate to the same illness or injury for which the Hospitalisation Expenses claim has been accepted. Claim documents must be submitted within 30 days after the completion of 180 days from the date of discharge. (vi) Alternative Medicine Treatment The Company will indemnify, through Cashless or Reimbursement Facility, up to the Sum Insured, medical expenses incurred for treatment at recognised Alternative Medicine hospitals or healthcare facilities (e.g., Ayurveda, Yoga, Naturopathy, Homeopathy and similar systems), subject to: • The claim being admissible under the Hospitalisation Expenses benefit; • Treatment being rendered by a registered Medical Practitioner holding a valid practising licence; • Treatment being taken within the jurisdiction of the country of coverage. (vii) Domiciliary Hospitalisation The Company will indemnify, through Reimbursement Facility only, up to the Sum Insured, medical expenses incurred for Medically Necessary treatment taken at home (as defined), subject to: • Domiciliary Hospitalisation continuing for more than 3 consecutive days;"
"After discharge, the doctor prescribed a knee brace and several boxes of specialized bandages. Can the client claim these as part of post-hospitalization expenses?","No. Standard health insurance excludes ""External Durable Items."" Knee braces, cervical collars, and orthopedic splints are non-payable. Additionally, common consumables like bandages, gauze, and spirit are only payable when used *during* the hospital stay as part of the nursing charges; they are not reimbursed for home use post-discharge.",List_of_Standard_Claim_Exclusions.pdf (Section 4: External Durable Items); Health_Insurance_Policy_TandC.pdf (Section 3: Benefit Limits),"[Retrieved Chunk 1] (Source: List_of_Standard_Claim_Exclusions.pdf, Page: 4)
External durable medical devices, mobility aids, and machines used outside the hospital setting are generally not covered, except where specifically noted. S. No. Item Payable / Non-Payable 134 Walking aids charges Not Payable 135 BiPAP machine Not Payable 136 Commode Not Payable 137 CPAP or CPAD equipment Device not payable 138 Infusion pump cost Device not payable 139 Oxygen cylinder for use outside the hospital Not Payable 140 Pulse oximeter charges Device not payable 141 Spacer Not Payable 142 Spirometer Device not payable 143 SpO2 probe Not Payable 144 Nebuliser kit Not Payable 145 Steam inhaler Not Payable 146 Arm sling Payable for 1 unit only in fracture cases of the upper arm 147 Thermometer Not payable; paid by the patient 148 External durable devices Device not payable 149 Cervical collar Not Payable 150 Splint Not Payable 151 Diabetic footwear Not Payable 152 Knee braces (long, short, or hinged) Not Payable 153 Knee or shoulder immobiliser Not Payable 154 Lumbo-sacral belt Payable for 1 unit only in fracture or surgery of the lumbar spine 155 Air bed or water bed charges Payable only if allowed in the policy; otherwise not payable

[Retrieved Chunk 2] (Source: Health_Insurance_Policy_TandC.pdf, Page: 3)
received from a physician not more than 36 months prior to the date of commencement of the policy. Pre-hospitalisation Medical Expenses Medical expenses incurred during a pre-defined number of days preceding hospitalisation, provided they relate to the same condition for which hospitalisation was required, and the in-patient hospitalisation claim is admissible. Post-hospitalisation Medical Expenses Medical expenses incurred during a pre-defined number of days immediately after discharge from hospital, provided they relate to the same condition for which hospitalisation was required, and the in-patient hospitalisation claim is admissible. Qualified Nurse A person holding a valid registration from a recognised nursing council. Reasonable and Customary Charges Charges for services or supplies that are standard for the specific provider and consistent with prevailing charges in the geographical area for identical or similar services, taking into account the nature of the illness or injury.

[Retrieved Chunk 3] (Source: Health_Insurance_Policy_TandC.pdf, Page: 26)
The following documentation must be submitted within the timeframes specified in Clause 6.1. The date of submission is deemed the date of claim registration for processing purposes: 1. Duly completed and signed Claim Form by the Insured Person 2. Copy of Photo ID and address proof of the Insured Person 3. Medical Practitioner's first consultation paper and referral letter advising hospitalisation 4. Medical Practitioner's prescription advising drugs, diagnostic tests or consultations 5. Original numbered bills/receipts and discharge summary from the hospital/Medical Practitioner 6. Original numbered bills from licensed pharmacy/chemists 7. Original pathological/diagnostic test reports, radiology reports and payment receipts 8. Operation Theatre Notes (if applicable) 9. Emergency Notes, Initial Assessment Sheet and Indoor Case Papers (if applicable) 10. Original investigation test reports and payment receipts supported by the Doctor's reference slip 11. Medico-Legal Certificate (MLC) / Police (FIR) Report, Post-Mortem Report (if applicable and conducted) 12. Ambulance Receipt (if applicable)"
"A client is at the hospital desk and doesn't have a computer. How do they start their claim, and how do they track if the insurer has seen their documents?","The client should use the ""Claim Genie"" feature in the mobile app. They can select 'Claim Intimation' to register the stay within 24 hours. Once documents are uploaded via the app, the ""Claim Status"" tab provides real-time updates. For reimbursement, they must also upload a scanned cancelled cheque bearing the proposer’s name to facilitate the digital transfer.",Health_Insurance_Claim_Guide.pdf (Page 2: Using the Mobile App); Health_Insurance_Claim_Guide.pdf (Step 2: Cancelled Cheque),"[Retrieved Chunk 1] (Source: Health_Insurance_Claim_Guide.pdf, Page: 1)
6. If any information is missing or unclear, the insurer may contact the hospital directly for clarification. 7. A pre-authorisation decision will be issued after reviewing the submitted documents against your policy terms and conditions. 8. Following discharge, the hospital or TPA will submit the final treatment summary and related documents to the insurer for final settlement approval. 9. The insurer will assess the bills against your sum insured and plan conditions and settle the payment directly with the hospital. Part 3: Frequently Asked Questions Q: How do I file my claim and check its status? A: You can register, file, and track your claim through the insurer's official mobile app or the Self- Help Portal. Follow these steps in the app: • Download the official health insurance customer mobile app. • Register your policy by entering your policy number and the date of birth of the primary policyholder (or your employee ID for corporate policies). • After logging in, tap the 'Claim Genie' (or Claims) option. • Select the 'Claim Intimation' tab, choose the relevant member, select the claim type, and complete the required fields.

[Retrieved Chunk 2] (Source: Policy_Brocher.pdf, Page: 18)
within the standard turnaround time. Step 5: The claims team will reach out if there are reasons for rejection. Otherwise, the approved amount is credited to your bank account. Documents Required to File a Claim Keeping the right paperwork ready makes the claims experience smooth and prevents delays. Typical documents include:  A duly filled and signed claim form  Insured person's details, including name, policy number, nature of the illness, and address

[Retrieved Chunk 3] (Source: Policy_Brocher.pdf, Page: 18)
inform the insurer's claims department within 24 hours of admission. For a planned hospitalisation, intimate the insurer at least 48 hours before the admission date. The two main claim routes are summarised below: Cashless Claim Process Reimbursement Claim Process Step 1: Visit a hospital from the insurer's network list. Step 1: Submit your claim form along with the required supporting documents. Step 2: Fill out the pre-authorisation form at the hospital's insurance desk. Step 2: Once your claim is verified, you will receive an approval letter from the insurer. Step 3: The completed form is sent to the insurer's claims management team. Step 3: Respond promptly to any queries raised by the claims management team. Step 4: After verification, you will receive an approval letter confirming the cashless arrangement. Step 4: Once all queries are cleared, you will receive final approval. Step 5: Reply to any further queries from the claims team. You will be informed of approval or rejection within the standard turnaround time. Step 5: The claims team will reach out if there are reasons for rejection. Otherwise, the approved"
A 65-year-old client is worried their premium will jump significantly next year if they make a large claim this year. Is this true?,"No. The policy terms specify ""Guaranteed Renewability,"" and premiums cannot be increased solely because an individual made a claim. However, premiums can be adjusted based on the client's ""Age Band"" or if the insurer undergoes a ""portfolio-wide"" price revision approved by regulators. The client also benefits from a ""Cumulative Bonus"" (extra sum insured) for every year they *don't* claim, which helps offset rising medical costs.",Policy_Brocher.pdf (Page 4: Renewal Benefits); Health_Insurance_Policy_TandC.pdf (Section 5: General Conditions - Renewal),"[Retrieved Chunk 1] (Source: Policy_Brocher.pdf, Page: 24)
higher vulnerability of seniors to age-related illnesses and rising medical inflation, a shared sum insured may simply not provide the depth of protection they need. Myth 5: Co-Payment Charges Make the Policy Useless. Reality: Senior plans usually carry a 20% co-payment, but many insurers offer a co-payment waiver as an optional benefit, allowing you to reduce or eliminate this out-of-pocket share.

[Retrieved Chunk 2] (Source: Policy_Brocher.pdf, Page: 9)
 Age of the Oldest Member: Premiums for a family floater are based on the age of the eldest insured person. The older the senior member, the higher the premium, since the risk of illness rises with age.  Pre-Existing Conditions: If any insured family member already lives with conditions like diabetes, hypertension, or thyroid disorders, the premium tends to be higher. The standard waiting period for claims linked to pre-existing diseases is around three years.  Lifestyle Habits: Habits such as smoking or working in high-risk occupations push premiums upward, since they raise the chance of future claims.  Geographic Location: Where you live matters. Cities with higher healthcare costs or higher disaster risk tend to attract higher premiums.  Type of Plan: Premiums vary with the level of coverage. Higher sum insured options cost more but give peace of mind even when multiple claims occur in the same year.  Add-Ons Selected: Each optional benefit increases the total premium, so choose only the add-ons that genuinely improve the value of your cover.  Co-Pay or Deductible: If you opt for a plan in which you pay a fixed share or a percentage of each claim,

[Retrieved Chunk 3] (Source: Policy_Brocher.pdf, Page: 23)
Before choosing your coverage, it helps to understand what shapes the premium of a senior citizen plan. 1. Age and Pre-Existing Health Conditions The older the applicant and the more complex the medical history, the higher the perceived risk for the insurer — and that flows directly into the premium amount. 2. Sum Insured and Optional Benefits Higher coverage and additional features such as air ambulance, pharmacy benefits, or alternative therapy cover increase the premium, but they also broaden the scope of protection considerably."
"In a family floater, if both the husband and wife are injured in the same accident, does the 'Deductible' apply twice?","No. In a family floater policy, the ""Deductible"" (if applicable) is applied to the *aggregate* of all admissible claims within the policy year, not per person. Once the combined expenses of both members exceed the deductible limit, the policy pays the balance up to the shared sum insured.",Health_Insurance_Policy_TandC.pdf (Section 13: Assessment of Claims); Policy_Brocher.pdf (What is a Family Floater?),"[Retrieved Chunk 1] (Source: Policy_Brocher.pdf, Page: 4)
 Pregnancy and Childbirth: Costs related to pregnancy and delivery, unless explicitly covered through a maternity benefit or add-on.  Self-Inflicted Injuries: Medical expenses arising from self-harm, suicide, or attempted suicide.  Cosmetic Treatments: Procedures performed purely for aesthetic or cosmetic reasons.  Obesity and Weight Management: Treatment for obesity or weight loss that does not satisfy the medical-necessity criteria stated in the policy.  Gender Reassignment: Medical procedures connected to gender change or reassignment.  Substance Abuse: Treatment required as a result of misuse of alcohol, drugs, or other intoxicating substances.  War and Civil Unrest: Hospitalisation caused by war, riots, terrorism, civil disturbance, or nuclear- related incidents. Who Can Be Covered Under a Family Floater? Most family policies allow up to two adults and two dependent children to be insured together. Some specialised plans can be extended to cover up to four dependent children. The table below shows common coverage combinations under a standard family plan: Combination Adult 1 Adult 2 Child 1 Child 2 1 Self Spouse — — 2 Self Spouse Yes —

[Retrieved Chunk 2] (Source: Policy_Brocher.pdf, Page: 1)
separate plans for each person. Think of it as a shared healthcare wallet for the entire household. Selecting the right plan means balancing coverage amount, cost, and convenience. Shared Sum Insured A family floater offers one common sum insured that any covered member can use during the policy year. Most plans allow up to two adults and two children to be added under this single shared amount. Single Premium You pay one premium — annually or in instalments — for the entire family. This is almost always more economical than buying individual policies for each member. Always read the waiting periods and exclusions carefully, and renew the policy on time to avoid losing accumulated benefits. Benefits of Family Health Insurance Plans Family floater plans bundle several built-in advantages that protect every insured member of the household:  One Policy for the Whole Household: Manage your family's medical cover with a single, easy-to-track policy. One premium, one renewal date, and one document covers everyone.  Easy Addition of New Members: Newborns (commonly from the age of a few months onward) and a

[Retrieved Chunk 3] (Source: Policy_Brocher.pdf, Page: 1)
Many modern plans include wellness programs that reward you for staying active and following healthy habits. These programs may offer discounts on renewal premiums when you meet defined fitness goals. Who Should Choose a Family Health Insurance Plan? A family floater plan is well suited for:  Young couples who are planning long-term protection and want a single policy that can later include additional family members.  Parents with children who need dependable cashless hospitalisation through a hospital network rather than managing multiple individual policies.  Value-conscious buyers and financial planners who want higher overall coverage at a lower combined premium.  Households that currently maintain several separate health policies and want to consolidate them into a single, cost-efficient cover.  Anyone who simply prefers managing one policy, one renewal date, and one premium. How a Family Floater Plan Works A family floater plan provides protection for everyone you love through one combined policy, instead of separate plans for each person. Think of it as a shared healthcare wallet for the entire household. Selecting"
"If the primary policyholder passes away during treatment, who gets the claim money, and what extra steps are needed?","The claim is paid to the ""Nominee"" listed in the policy schedule. To process this, the nominee must submit a cancelled cheque in their own name, along with a government-issued ID proof and a legal heir certificate. This ensures the ""Payment Terms"" of the policy are met even in the absence of the original proposer.",Health_Insurance_Claim_Guide.pdf (Step 2.3: Demise of Insured); Health_Insurance_Policy_TandC.pdf (Section 6.1.7: Payment Terms),"[Retrieved Chunk 1] (Source: Health_Insurance_Policy_TandC.pdf, Page: 20)
In case of death of the Policyholder: • Where the policy covers only the Policyholder, the policy becomes null and void from the date and time of death. The Company will refund proportionate premium for the unexpired period, subject to no claim having been made. • Where the policy covers other Insured Persons as well, the policy continues until the end of the Policy Period for those persons. The Company will renew the policy on appointment of a new Policyholder (aged 18 or above, satisfying the Company's criteria), provided written notice is given before the Policy Period End Date. 5.8 Migration The Insured Person has the option to migrate the policy to other health insurance products offered by the Company by applying at least 30 days before the policy renewal date, as per applicable regulatory guidelines on migration. Accrued continuity benefits will be honoured if the policy has been continuously maintained without lapses. 5.9 Portability

[Retrieved Chunk 2] (Source: Policy_Brocher.pdf, Page: 28)
Filing a claim under a senior plan generally follows two simple stages. Step 1: Notify the Insurer  Emergency hospitalisation: Inform the insurer's claims team within 24 hours of admission.  Planned hospitalisation: Inform the insurer at least 48 hours before the scheduled admission date. Step 2: Choose Cashless or Reimbursement Cashless Claim Route Reimbursement Claim Route Request a pre-authorisation by completing the form available at the hospital's insurance or third-party administrator (TPA) desk and sending it to the insurer. Submit the claim form along with the supporting documents required under the policy terms. The claims management team reviews the request and issues an approval letter if everything is in order. The claims management team reviews the submission and issues an approval letter once verification is complete. The hospital or insured may need to respond to any queries raised by the claims team. The insured may need to respond to queries from the claims team during processing. If the cashless request is rejected, the insured can still proceed with treatment and later apply for a reimbursement claim.

[Retrieved Chunk 3] (Source: Health_Insurance_Policy_TandC.pdf, Page: 12)
Claim 2 of 1,500,000 → Combined with Claim 1 = 2,250,000 → Deductible now exhausted on 1,250,000 balance → Payable: 1,250,000 Claim 3 → Payable up to remaining Sum Insured 3.2.7 Co-payment If opted, the Insured Person bears a co-payment percentage (as specified in the policy schedule) on each and every claim. The Company's liability is restricted to the balance amount payable. The co- payment applies to each Insured Person for each claim as defined in the policy. 3.2.8 Newborn Cover If opted, the Company allows the addition of a newborn baby from Day 1. All applicable waiting periods remain valid. Premium is payable only at the time of addition of the newborn, pro-rated for the exposure period. 3.2.9 Plus Benefit An additional amount (as specified in the policy schedule) is available to the Insured Person for all admissible claims during the Policy Year, subject to: a) This benefit is applied on the base Sum Insured only. b) Any unutilised amount is not carried forward to the next Policy Year. c) The Plus Benefit can be used for any number of admissible claims during the Policy Year."
"If my client undergoes a robotic surgery or Cyberknife treatment, is it covered under the base sum insured, and are there special restrictions compared to a normal surgery?","Yes, ""Modern Treatments"" such as Robotic Surgeries, Cyberknife, and Intra-vitreal injections are covered. However, unlike standard surgeries, these often have sub-limits (e.g., a percentage of the sum insured or a fixed cap) as specified in the Policy Schedule. Furthermore, while the surgery itself is payable, certain ""high-tech"" disposables used during robotic procedures may be classified as ""Not Payable"" under the standard exclusions unless they are explicitly part of the surgical package billed by the hospital.",Health_Insurance_Policy_TandC.pdf (Section 2.1: Modern Treatment / Section 3: Benefit Limits); List_of_Standard_Claim_Exclusions.pdf (Section 4: Technical/Specialist Items),"[Retrieved Chunk 1] (Source: Health_Insurance_Policy_TandC.pdf, Page: 8)
• Immunotherapy — Monoclonal Antibody (injectable) • Intra-vitreal Injections • Robotic Surgeries • Stereotactic Radio Surgeries • Bronchial Thermoplasty • Vaporisation of the Prostate (Green Laser or Holmium Laser treatment) • Intra-Operative Neuro Monitoring (IONM) • Stem Cell Therapy: Haematopoietic stem cells for bone marrow transplant for haematological conditions. (iv) Pre-Hospitalisation Medical Expenses The Company will indemnify Medically Necessary medical expenses incurred during the 60 days immediately prior to the Insured Person's date of admission to hospital, through Reimbursement Facility only, up to the Sum Insured, provided the expenses relate to the same illness or injury for which the Hospitalisation Expenses claim has been accepted. (v) Post-Hospitalisation Medical Expenses The Company will indemnify Medically Necessary medical expenses incurred during the 180 days immediately after the Insured Person's date of discharge from hospital, through Reimbursement Facility only, up to the Sum Insured, provided the expenses relate to the same illness or injury for which the

[Retrieved Chunk 2] (Source: Policy_Brocher.pdf, Page: 14)
 Day-Care Procedures: Hundreds of short-duration treatments that no longer require an overnight stay are covered.  Advanced Treatment Cover: Modern procedures such as robotic surgery and specialised therapies are included up to the sum insured.  Domiciliary Hospitalisation: Coverage for hospital-grade treatment received at home when admission is not feasible, up to the sum insured.  Zero Sub-Limits: Many premium plans place no separate caps on individual treatment expenses, subject to overall policy terms.  Cumulative Bonus: The sum insured is increased each claim-free year, often by 50% annually up to 100% or more, regardless of whether claims have been made.  Alternative and Traditional Therapies: Where supported by local regulation, hospitalisation expenses for recognised alternative therapies such as homeopathy or naturopathy are covered up to the sum insured.  Global Coverage: Selected premium variants offer worldwide coverage for treatment received outside your home country, subject to specified terms.  Unlimited E-Consultations: Free, unlimited online consultations with general physicians through the insurer's mobile application.

[Retrieved Chunk 3] (Source: Health_Insurance_Policy_TandC.pdf, Page: 16)
Rheumatism, Spinal Disorders, Joint Replacement Surgery, Arthroscopic Knee Surgeries, ACL Reconstruction, Meniscal and Ligament Repair 2. Surgical treatments for Benign ENT (Ear, Nose and Throat) disorders and surgeries (including Adenoidectomy, Mastoidectomy, Tonsillectomy, Tympanoplasty), Nasal Septum Deviation, Sinusitis and related disorders 3. Benign Prostatic Hypertrophy 4. Cataract 5. Dilatation and Curettage 6. Fissure / Fistula in anus, Haemorrhoids / Piles, Pilonidal Sinus, Gastric and Duodenal Ulcers 7. Surgery of the Genito-urinary system unless necessitated by malignancy 8. All types of Hernia and Hydrocele 9. Hysterectomy for Menorrhagia or Fibromyoma or Prolapse of Uterus unless necessitated by malignancy 10. Internal tumours, skin tumours, cysts, nodules, polyps including breast lumps (of any kind), unless malignant 11. Kidney Stone, Ureteric Stone, Lithotripsy, Gall Bladder Stone 12. Myomectomy for Fibroids 13. Varicose Veins and Varicose Ulcers 14. Parkinson's, Alzheimer's Disease or Dementia Note: In case of enhancement of Sum Insured, the exclusion applies afresh to the extent of the increase."
"My father is too ill to be moved to a hospital. If we treat him at home with a private nurse and medical equipment, will the policy pay for it?","This is covered under ""Domiciliary Hospitalization"" provided two conditions are met: the attending doctor confirms the patient could not be moved, or there was a lack of available hospital beds. The treatment must last at least 3 days. However, you cannot claim for home treatment of specific conditions like Asthma, Bronchitis, or Diabetes. Additionally, while medical fees are covered, ""External Durable Items"" like rented oxygen concentrators or nebulizers used at home are listed as non-payable consumables.",Health_Insurance_Policy_TandC.pdf (Section 2.1: Domiciliary Hospitalization); List_of_Standard_Claim_Exclusions.pdf (Section 4: External Durable Items),"[Retrieved Chunk 1] (Source: Policy_Brocher.pdf, Page: 22)
Whether a major surgery or a quick day-care procedure, the plan covers hospital expenses such as room rent, ICU charges, surgeon's fees, and consultation costs. Domiciliary Treatment and Alternative Therapies When hospital admission is not feasible, senior citizens can receive treatment in the comfort of their own home. Recognised alternative therapies such as homeopathy and naturopathy are also included, where supported by local regulation. Annual Health Check-Ups

[Retrieved Chunk 2] (Source: Policy_Brocher.pdf, Page: 26)
Day-Care Treatments Thanks to advances in modern medicine, many surgeries and procedures no longer require a 24-hour hospital stay. Hundreds of such day-care procedures, ranging from cataract surgery to dialysis, are included. Alternative Therapies Where supported by local regulation, recognised alternative treatments such as homeopathy and naturopathy are fully covered up to the chosen sum insured. Domiciliary Hospitalisation When hospital admission is not possible — perhaps because the patient cannot be moved or no hospital bed is available — doctor-prescribed treatment delivered at home is covered just like regular hospitalisation. Ambulance Cover Ambulance charges incurred during a medical emergency are reimbursed, ensuring timely transfer to the hospital without the worry of out-of-pocket expenses. What Is Not Covered Under a Senior Citizen Health Plan? Although senior plans offer wide-ranging protection, it is important to understand the exclusions before buying. Common exclusions include: Self-Inflicted Injuries

[Retrieved Chunk 3] (Source: List_of_Standard_Claim_Exclusions.pdf, Page: 4)
External durable medical devices, mobility aids, and machines used outside the hospital setting are generally not covered, except where specifically noted. S. No. Item Payable / Non-Payable 134 Walking aids charges Not Payable 135 BiPAP machine Not Payable 136 Commode Not Payable 137 CPAP or CPAD equipment Device not payable 138 Infusion pump cost Device not payable 139 Oxygen cylinder for use outside the hospital Not Payable 140 Pulse oximeter charges Device not payable 141 Spacer Not Payable 142 Spirometer Device not payable 143 SpO2 probe Not Payable 144 Nebuliser kit Not Payable 145 Steam inhaler Not Payable 146 Arm sling Payable for 1 unit only in fracture cases of the upper arm 147 Thermometer Not payable; paid by the patient 148 External durable devices Device not payable 149 Cervical collar Not Payable 150 Splint Not Payable 151 Diabetic footwear Not Payable 152 Knee braces (long, short, or hinged) Not Payable 153 Knee or shoulder immobiliser Not Payable 154 Lumbo-sacral belt Payable for 1 unit only in fracture or surgery of the lumbar spine 155 Air bed or water bed charges Payable only if allowed in the policy; otherwise not payable"
"If I am receiving a kidney from a donor, does my policy pay for the donor's hospital bill and their pre-surgery checkups?","The policy covers the In-patient hospitalization expenses of the organ donor for the harvesting of the organ, provided the claim for your own hospitalization is admissible. However, coverage is limited to the surgical procedure itself. The donor’s pre-hospitalization screening, post-hospitalization follow-ups, and any complications the donor faces are not covered. Furthermore, standard donor ""screening"" and ""compatibility"" tests are listed as non-payable items in the exclusions list.",Policy_Brocher.pdf (Organ Donor Cover); Health_Insurance_Policy_TandC.pdf (Section 3.1.5: Organ Donor Expenses); List_of_Standard_Claim_Exclusions.pdf (General Exclusions),"[Retrieved Chunk 1] (Source: Health_Insurance_Policy_TandC.pdf, Page: 9)
d) Diarrhoea and all types of Dysentery including Gastroenteritis e) Diabetes Mellitus and Diabetes Insipidus f) Epilepsy g) Hypertension h) Influenza, cough or cold i) All Psychiatric or Psychosomatic Disorders j) Pyrexia of unknown origin k) Tonsillitis and Upper Respiratory Tract Infection including Laryngitis and Pharyngitis l) Arthritis, Gout and Rheumatism (viii) Organ Donor Cover The Company will indemnify, through Cashless or Reimbursement Facility, up to the Sum Insured, medical expenses incurred for a qualifying organ donor's transplant surgery during the Policy Year, subject to: • The organ donor qualifying as an eligible donor in accordance with applicable transplantation laws; • The Insured Person being the recipient of the donated organ; • Pre- and Post-Hospitalisation expenses and other medical expenses relating to the donor after organ harvesting are not covered. (ix) Room Rent / ICU Conditions Room Rent: No limit — there is no separate restriction on room charges incurred during hospitalisation. ICU Charges: No limit — there is no separate restriction on ICU charges during hospitalisation. 3.1.2 Road Ambulance Cover

[Retrieved Chunk 2] (Source: Policy_Brocher.pdf, Page: 3)
What Is Covered Under a Family Health Plan? A well-designed family plan combines affordability with broad coverage so you can take care of every member with confidence. The most common built-in benefits include: Organ Donor Expenses Surgical costs incurred by an organ donor may be covered, provided the donation is carried out in line with the prevailing transplant guidelines of the country where the procedure takes place. Day-Care Procedures Day-care treatments such as cataract surgery, dialysis, and similar short procedures that do not require a 24-hour hospital stay are usually covered. Pre and Post-Hospitalisation Costs Expenses for tests, doctor consultations, and medication leading up to and following hospitalisation are typically covered — often up to 60 days before admission and up to 180 days after discharge. Advanced Treatment Methods Modern plans may extend coverage to robotic surgeries and specialised therapies for serious illnesses at advanced healthcare centres, up to the sum insured. Wellness Rewards Many policies offer renewal discounts of up to 30% if you achieve healthy-day targets, such as reaching a

[Retrieved Chunk 3] (Source: Policy_Brocher.pdf, Page: 17)
settles the bill directly with the hospital (in cashless mode) or transfers the approved amount to your bank account. Who Should Buy an Individual Health Insurance Policy? While a personal health plan is appropriate for almost everyone, the following groups should consider buying one without delay: People at Higher Health Risk"
"The underwriter asked me to get a blood test before issuing the policy. Do I pay for this, and will I get my money back if they reject my application?","In most cases, a pre-policy checkup is not mandatory, but if requested, the insurer usually arranges it at a partner center. If you pay out-of-pocket, the insurer typically reimburses 50% to 100% of the cost *only if* the policy is successfully issued. If the application is rejected or withdrawn, the cost is borne by the applicant. You must submit the original invoice and the diagnostic reports as per the standard claim document guidelines.",Policy_Brocher.pdf (FAQ: Who pays for the pre-policy checkup?); Health_Insurance_Claim_Guide.pdf (Step 3: Document Uploads),"[Retrieved Chunk 1] (Source: Health_Insurance_Policy_TandC.pdf, Page: 13)
Tests covered for Insured Persons aged below 18 years: • Physical examination (height, weight, BMI), doctor consultation, urine examination (routine and microscopic). Tests covered for Insured Persons aged 18 years and above (Basic set for lower Sum Insured, Extended set for higher Sum Insured): • Basic Set: Complete Blood Count (CBC), Urine Routine, ESR, Blood Group & RH Type, Blood Sugar Fasting, Cholesterol (total, LDL, HDL), Triglycerides, Total Cholesterol/HDL Ratio, Creatinine, Blood Urea Nitrogen, BUN/Creatinine Ratio, Uric Acid. • Extended Set (higher Sum Insured): All of the above plus Treadmill Test (TMT). 3.2.12 Be-Fit Benefit The Insured Person (aged above 12 years) may avail unlimited visits to Fitness Centres within the Company's network during a Policy Year. Services are available only through empanelled Fitness Centres. The Company assumes no liability for service quality, disputes, or losses arising from the Insured's use of fitness facilities. 3.2.13 Wellness Benefit Adult Insured Persons (aged 18 and above) may earn a discount on renewal premium by accumulating

[Retrieved Chunk 2] (Source: List_of_Standard_Claim_Exclusions.pdf, Page: 1)
coverage for them. If they are not listed as covered, the claim is rejected for these heads. S. No. Item Payable / Non-Payable 62 Weight control programmes, supplies, or services Payable only if allowed in the policy; otherwise not payable 63 Cost of spectacles, contact lenses, or hearing aids Payable only if allowed in the policy; otherwise not payable 64 Dental treatment expenses that do not require hospitalisation Payable only if allowed in the policy; otherwise not payable 65 Hormone replacement therapy Payable only if allowed in the policy; otherwise not payable 66 Home visit charges Payable only if allowed in the policy; otherwise not payable 67 Infertility, sub-fertility, or assisted conception procedures Not Payable 68 Obesity treatment, including morbid obesity Payable only if allowed in the policy; otherwise not payable 69 Psychiatric and psychosomatic disorders Payable only if allowed in the policy; otherwise not payable 70 Corrective surgery for refractive error Payable only if allowed in the policy; otherwise not payable 71 Treatment of sexually transmitted diseases Payable only if allowed in the policy; otherwise not payable

[Retrieved Chunk 3] (Source: Policy_Brocher.pdf, Page: 28)
If the cashless request is rejected, the insured can still proceed with treatment and later apply for a reimbursement claim. If the claim is rejected, the insurer will communicate the reason. Documents Required for a Senior Citizen Claim To begin the claim settlement process, submit the following original documents:  A duly completed claim form  Original policy documents  Pre-authorisation form (for cashless claims)"
Can the company change my policy benefits or increase the co-payment percentage in the middle of my 3-year term?,"No, the terms of your contract are fixed for the policy duration. However, the insurer reserves the right to ""revise"" or ""modify"" the product design or premium rates at the time of renewal, subject to regulatory approval. If the product is being withdrawn entirely, the company must notify you at least 90 days before your expiry and provide an option to migrate to a similar existing health product with continuity benefits.",Health_Insurance_Policy_TandC.pdf (Section 5.3: Material Change / Section 5.4: Withdrawal of Policy); Policy_Brocher.pdf (Renewal Benefits),"[Retrieved Chunk 1] (Source: Health_Insurance_Policy_TandC.pdf, Page: 22)
Note: Tenure Discount will not apply if the Insured Person has opted for Premium Payment by Instalments. 5.14 Possibility of Revision of Policy Terms Including Premium Rates The Company may revise or modify the terms of the policy, including premium rates. The Insured Person shall be notified before any changes take effect. 5.15 Free Look Period A Free Look Period of 30 days from the date of receipt of the policy document applies to new individual health insurance policies only (not renewals or porting/migration). If no claim has been made during the Free Look Period, the Insured is entitled to: 1. A refund of the premium paid, less any expenses incurred for medical examination and stamp duty; or 2. Where the risk has commenced and the policy is being returned, a deduction of the proportionate risk premium for the period of cover; or 3. Where only part of the insurance coverage has commenced, a proportionate premium for that period. 5.16 Grievances In case of any grievance, the Insured Person may contact the Company through: • The Company's official website or customer grievance portal • The official mobile application • Toll-free / messaging contact number

[Retrieved Chunk 2] (Source: Health_Insurance_Policy_TandC.pdf, Page: 11)
If opted, the Policyholder is entitled to a reduction in the total premium payable (covering Base Benefits plus selected Optional Benefits). However: • If the Insured Person receives treatment in hospitals not listed in the approved network (Annexure III), a co-payment of 20% on each and every claim from such hospital applies, in addition to any other co-payment applicable in the policy. • No additional co-payment applies when treatment is received in listed network hospitals. Note: For an updated list of approved hospitals, refer to the Company's official website. 3.2.2 Room Rent Modification If opted, the Company modifies the eligible Room Rent or Room Category to either Single Private Room or Twin Sharing Room as specified in the policy schedule. If the Insured Person is admitted in a higher Room Category than eligible, the Insured Person shall bear the proportional share of Associate Medical Expenses corresponding to the difference between the actual Room Rent and the eligible Room Rent. • Single Private Room: Maximum eligible room category is a Single Private Room. • Twin Sharing Room: Maximum eligible room category is a Twin Sharing Room.

[Retrieved Chunk 3] (Source: Health_Insurance_Policy_TandC.pdf, Page: 21)
5.11 Withdrawal of Policy If this product is to be withdrawn in future, the Company will intimate the Insured Person at least 90 days prior to expiry of the policy. The Insured Person will have a one-time option to renew the existing product (if renewal falls within 90 days of the withdrawal date) or migrate to a similar health insurance product available with the Company, with all accrued continuity benefits, provided the policy has been maintained without a break. 5.12 Moratorium Period After completion of five continuous years under the policy, no 'look-back' shall be applied. This five-year period is called the Moratorium Period. After the expiry of the Moratorium Period, no health insurance claim shall be contestable except for proven fraud and permanent exclusions specified in the policy contract. The moratorium applies to the sums insured of the first policy; any subsequent Sum Insured enhancement triggers a fresh five-year moratorium on the enhanced portion only. Policies remain subject to all limits, sub-limits, co-payments and deductibles. 5.13 Premium Payment by Instalment"
"My policy expired 5 days ago and I forgot to renew it. If I am hospitalized tonight, can I still claim if I pay the premium tomorrow?","No. While the policy provides a ""Grace Period"" of 30 days to renew and maintain ""continuity benefits"" (like waiting periods), there is no insurance coverage for any event occurring during this gap. Any hospitalization during the grace period is treated as ""Uninsured,"" and the claim will be rejected. You must renew before the expiry date to ensure 24/7 protection.",Health_Insurance_Policy_TandC.pdf (Section 2.1: Grace Period); Policy_Brocher.pdf (Renewal Warnings),"[Retrieved Chunk 1] (Source: Policy_Brocher.pdf, Page: 11)
dependents. Look for nearby cashless network hospitals, modified waiting periods, affordable premiums, and lifelong renewability. Q. What happens if I miss a premium payment?

[Retrieved Chunk 2] (Source: Policy_Brocher.pdf, Page: 7)
Telephone Call the insurer's renewal helpline, share your policy details with the executive, and complete the payment. Branch Visit Walk into the nearest branch with your policy documents and renew with help from a customer service representative. Multi-Year Policy Discounts: Many insurers offer attractive discounts on long-term policies — for example, around 7.5% for two years, 10% for three years, 12.5% for four years, and 15% for five years. Proposing a Policy: Proposing a policy means agreeing to pay the premium for someone else who will be covered under the plan. An adult can typically propose a policy for a spouse, live-in partner, same-sex partner, son or daughter, parents, parents-in-law, or grandparents. Documents Needed to File a Claim Keeping the right paperwork ready makes the claims process smooth and avoids delays. For a Reimbursement Claim:  A duly filled and signed claim form  The original discharge summary issued by the hospital  Original medicine bills, laboratory reports, and diagnostic test reports  The original payment receipt for the hospital bill For an Accidental Hospitalisation, Additional Documents Are Required:

[Retrieved Chunk 3] (Source: Policy_Brocher.pdf, Page: 6)
hospital at the time of discharge. Step 5: After verification, the approved claim amount is transferred to your bank account. If the claim is rejected, the insurer will explain the reason. How to Renew Your Family Health Insurance To continue enjoying the benefits of a family plan, you must renew it before the expiry date. Most insurers send renewal reminders by SMS or email well in advance. Common renewal options include: Renewal Mode How It Works Online (Website) Visit the insurer's website, choose the renewal option, enter your policy number, make any required changes, and pay online. Mobile App Log in to the insurer's customer app, select Quick Renew or Modify and Renew, choose a payment method, and download the updated policy certificate."
"The hospital bill has charges for 'Admission Fee', 'Surcharge', and 'Registration Fee'. Are these covered since they are part of the hospital bill?","No. Under the ""List of Standard Claim Exclusions,"" administrative charges such as Admission Fees, Registration Fees, and Surcharges are classified as ""Not Payable."" These are considered institutional overheads rather than medical treatment costs. If these are bundled into ""Room Rent,"" they may be partially covered, but as separate line items, they will be deducted from your reimbursement.",List_of_Standard_Claim_Exclusions.pdf (Section 3: Items 141-145); Health_Insurance_Policy_TandC.pdf (Section 12: Associate Medical Expenses),"[Retrieved Chunk 1] (Source: List_of_Standard_Claim_Exclusions.pdf, Page: 3)
consumables cannot be billed separately 106 Intramuscular or intravenous injection charges Part of room charge; not payable separately 107 Clean sheet Part of nursing charges; not payable 108 Extra diet of patient (other than that which forms part of the bed charge) Patient diet provided by the hospital is payable; extras are not 109 Blanket or warmer blanket Part of room charge; not payable Section 5 — Administrative, Documentation, and Miscellaneous Charges Administrative fees, paperwork charges, and miscellaneous incidental expenses are not part of medical treatment and are therefore not payable. S. No. Item Payable / Non-Payable 110 Admission kit Not Payable 111 Birth certificate Not Payable 112 Blood reservation and antenatal booking charges Not Payable 113 Certificate charges Not Payable 114 Courier charges Not Payable 115 Conveyance charges Not Payable 116 Diabetic chart charges Not Payable 117 Documentation or administrative charges Not Payable 118 Discharge procedure charges Not Payable 119 Daily chart charges Not Payable 120 Entrance pass or visitor's pass charges Not Payable

[Retrieved Chunk 2] (Source: List_of_Standard_Claim_Exclusions.pdf, Page: 2)
These items are bundled into the standard room rent and cannot be charged separately. S. No. Item Payable / Non-Payable 99 Luxury tax Part of room charge; not payable separately 100 Heating, ventilation, and air-conditioning charges Part of room charge; not payable separately 101 Housekeeping charges Part of room charge; not payable separately 102 Service charges where nursing charge is also being levied Part of room charge; not payable separately 103 Television and air-conditioner charges Part of room charge; not payable separately 104 Surcharges Not payable; part of hospital services. Disposable linen forms part of operation theatre or ICU charges 105 Attendant charges Not payable; service is charged by hospitals and

[Retrieved Chunk 3] (Source: List_of_Standard_Claim_Exclusions.pdf, Page: 7)
264 Pre-operative room charges Not Payable 265 Refrigeration charges Not Payable 266 Room freshener Not Payable 267 Room holding charges Not Payable 268 Sealed pouches Not Payable 269 Sitz bath Not Payable 270 Solid waste management Not Payable 271 Stockinet Not Payable 272 Three-way connector Not Payable 273 Vacutainer Not Payable 274 Indirect tax charges Not Payable 275 Ward common charges Not Payable 276 Waste disposal charges Not Payable Important Notes 1. This list is a general reference and may not cover every item that a hospital could bill. Insurers reserve the right to consider specific cases on individual merit. 2. Items listed as 'Payable only if allowed in the policy' depend entirely on the specific terms and conditions of the chosen plan and any add-ons selected. 3. Where an item is described as part of room charges, operation theatre charges, dressing charges, nursing charges, or hospital services, it is already included in the relevant overall service fee and cannot be billed separately to the insurer. 4. Items marked 'Payable when prescribed' are considered for reimbursement only when the treating doctor has"
Does this policy pay for a stay in a psychiatric ward for depression or a mental health disorder?,"Mental Illness is covered under this policy as an In-patient benefit, provided the hospitalization occurs in a registered hospital with a psychiatric department. However, it follows a specific waiting period (refer to policy schedule) and does not cover ""Out-patient"" therapy or counseling sessions. Additionally, any hospitalization due to ""Substance Abuse"" or ""Alcoholism"" is an absolute exclusion and will be rejected.",Health_Insurance_Policy_TandC.pdf (Section 3: Mental Illness Coverage); List_of_Standard_Claim_Exclusions.pdf (Section 2: Behavioral/Psychiatric Exclusions),"[Retrieved Chunk 1] (Source: Health_Insurance_Policy_TandC.pdf, Page: 14)
conditions during the Policy Year: • Acute Depression • Obsessive Compulsive Disorder • Anxiety • Post-Traumatic Stress Disorder (PTSD) 3.2.17 Claim Shield

[Retrieved Chunk 2] (Source: Health_Insurance_Policy_TandC.pdf, Page: 14)
ambulance at their own expense, the Company will reimburse those costs in accordance with this benefit's terms; 4. Payment is subject to the related claim for the same illness or injury being admitted under Hospitalisation Expenses; 5. The following documents must be submitted within 30 days of the event: medical reports and transportation details from the air ambulance provider; prescription and medical report from the attending Medical Practitioner; documentary proof of expenses incurred. 3.2.15 Women Care The Company will indemnify Out-Patient medical expenses incurred by female Insured Persons (aged 18 and above), through Cashless Facility, up to the limit specified in the policy schedule, for the following diagnostic tests during the Policy Year: • Mammography • Cervical Cancer Screening • PCOS / PCOD Diagnostic Tests 3.2.16 Mental Health Wellbeing The Company will indemnify Out-Patient medical expenses, through Cashless Facility, up to the limit specified in the policy schedule, for consultation, counselling and rehabilitation for the following conditions during the Policy Year: • Acute Depression • Obsessive Compulsive Disorder • Anxiety

[Retrieved Chunk 3] (Source: Health_Insurance_Policy_TandC.pdf, Page: 11)
If opted, the Policyholder is entitled to a reduction in the total premium payable (covering Base Benefits plus selected Optional Benefits). However: • If the Insured Person receives treatment in hospitals not listed in the approved network (Annexure III), a co-payment of 20% on each and every claim from such hospital applies, in addition to any other co-payment applicable in the policy. • No additional co-payment applies when treatment is received in listed network hospitals. Note: For an updated list of approved hospitals, refer to the Company's official website. 3.2.2 Room Rent Modification If opted, the Company modifies the eligible Room Rent or Room Category to either Single Private Room or Twin Sharing Room as specified in the policy schedule. If the Insured Person is admitted in a higher Room Category than eligible, the Insured Person shall bear the proportional share of Associate Medical Expenses corresponding to the difference between the actual Room Rent and the eligible Room Rent. • Single Private Room: Maximum eligible room category is a Single Private Room. • Twin Sharing Room: Maximum eligible room category is a Twin Sharing Room."
"If a child is born with a heart defect (internal) and a cleft lip (external), which one is covered by the family plan?","The policy generally covers ""Internal Congenital Anomalies"" (like a heart defect) once the initial waiting periods are served. However, ""External Congenital Anomalies"" (like a cleft lip) are typically listed as a permanent exclusion unless specifically covered by an add-on or rider. Genetic screening or counseling related to these conditions is also ""Not Payable.""",Health_Insurance_Policy_TandC.pdf (Section 2.1: Definitions); List_of_Standard_Claim_Exclusions.pdf (Section 2: Permanent Exclusions),"[Retrieved Chunk 1] (Source: Policy_Brocher.pdf, Page: 3)
What Is Covered Under a Family Health Plan? A well-designed family plan combines affordability with broad coverage so you can take care of every member with confidence. The most common built-in benefits include: Organ Donor Expenses Surgical costs incurred by an organ donor may be covered, provided the donation is carried out in line with the prevailing transplant guidelines of the country where the procedure takes place. Day-Care Procedures Day-care treatments such as cataract surgery, dialysis, and similar short procedures that do not require a 24-hour hospital stay are usually covered. Pre and Post-Hospitalisation Costs Expenses for tests, doctor consultations, and medication leading up to and following hospitalisation are typically covered — often up to 60 days before admission and up to 180 days after discharge. Advanced Treatment Methods Modern plans may extend coverage to robotic surgeries and specialised therapies for serious illnesses at advanced healthcare centres, up to the sum insured. Wellness Rewards Many policies offer renewal discounts of up to 30% if you achieve healthy-day targets, such as reaching a

[Retrieved Chunk 2] (Source: Policy_Brocher.pdf, Page: 2)
combined premium, and lays the groundwork for future additions to the family.  For New Parents: Extend the same plan to your newborn after the eligibility window opens, ensuring uninterrupted coverage without managing a second policy.  For Growing Children: Use cashless treatment for everyday illnesses and unexpected medical needs through the insurer's hospital network.  For Ageing Parents: Provide reliable support with broader coverage, automatic recharge benefits, and access to quality care as health needs become more frequent.  For the Whole Family: One plan addresses preventive screening, hospitalisation, and ongoing care — uniting protection under a single dependable cover.

[Retrieved Chunk 3] (Source: Policy_Brocher.pdf, Page: 4)
 Premium Payback: Refunds the first-year base premium after every block of five consecutive claim-free years.  Claim Shield: Covers items that would normally be classified as non-payable consumables or accessories during hospitalisation.  Early Renewal Discount: Offers a small discount on the renewal premium when you renew well before the policy expiry date.  Instant Cover: Provides faster access to coverage for common conditions like asthma, hypertension, high cholesterol, and diabetes after a short initial waiting period.  Reduced Waiting Period for Pre-Existing Conditions: Shortens the standard waiting period for claims linked to pre-existing diseases from the usual three years down to one or two years. What Is Not Covered Under Family Health Plans? Understanding the exclusions of a family plan is just as important as understanding the benefits. The following are typical exclusions across most plans:  Initial Waiting Period: Illnesses diagnosed within the first 30 days of policy commencement, except for hospitalisation due to accidental injuries.  Pregnancy and Childbirth: Costs related to pregnancy and delivery, unless explicitly covered through a"
What happens if I submit my reimbursement documents 3 months after discharge because I was busy traveling? Will my claim be rejected?,"The policy requires ""Intimation"" within 24 hours of admission and document submission within 15-30 days of discharge. A delay of 3 months is a breach of the ""Condition Precedent"" to a claim. While the insurer may ""condone"" the delay if you provide a valid, proven reason (like further medical complications), they reserve the right to reject the claim or apply a penalty deduction for the late filing.",Health_Insurance_Claim_Guide.pdf (Timelines); Health_Insurance_Policy_TandC.pdf (Section 6: Claims Procedure),"[Retrieved Chunk 1] (Source: Health_Insurance_Policy_TandC.pdf, Page: 25)
2. A claim must be filed within 30 days from the date of discharge from hospital (for hospitalisation) or actual date of loss (for non-hospitalisation benefits). The following details must be disclosed at the time of intimation: • Policy Number • Name of the Policyholder • Name and address of the Insured Person in respect of whom the claim is being made • Nature of illness or injury • Name and address of the attending Medical Practitioner and hospital • Date of admission or proposed date of admission for planned hospitalisation • Any other information, documentation or details requested by the Company 3. For Emergency Hospitalisation: the Company must be notified within 48 hours of hospitalisation commencing, or before discharge. 4. For Planned Hospitalisation: the Company must be notified at least 48 hours prior to the planned date of admission. 6.1.5 Documents to be Submitted for Registration of Claim

[Retrieved Chunk 2] (Source: Health_Insurance_Policy_TandC.pdf, Page: 24)
(b) Reimbursement Facility 1. All information and documentation (as specified in Clauses 6.1.4 and 6.1.5) must be submitted to the Company at the Policyholder's or Insured Person's own expense, within 30 days of the Insured Person's discharge from hospital.

[Retrieved Chunk 3] (Source: Health_Insurance_Policy_TandC.pdf, Page: 25)
2. The Company will acknowledge receipt of collected documents. In the case of delayed submission, the Company may examine and relax time limits on the merits of the case. 3. If a reimbursement claim is received after a pre-authorisation letter was issued for the same case, the Company will first check with the Network Provider whether the pre-authorisation was utilised before processing the reimbursement claim. 4. Payment under reimbursement shall be made to the Policyholder. In the event of the Policyholder's death, payment is made to the nominee (or legal heirs if no nominee exists). 5. 'Date of Loss' under Reimbursement Facility is the Date of Admission in the case of hospitalisation, and the actual date of loss for non-hospitalisation benefits. 6.1.3 Duties of a Claimant / Insured Person in the Event of a Claim 1. Check the updated list of Network Providers before submitting a pre-authorisation request for Cashless Facility. 2. Take all reasonable steps to minimise the quantum of any claim. 3. Provide all intimation, notification and documentation promptly and in accordance with the procedures and timeframes specified in this clause."
"If I use a private taxi or a neighbor's van to rush to the hospital in an emergency, can I claim the fuel or transport cost under 'Ambulance Cover'?","No. The ""Emergency Road Ambulance"" benefit only covers charges for a ""registered"" healthcare provider or a professional ambulance service to a hospital. Use of private vehicles, taxis, or non-medical transport is not reimbursable. The ambulance must also be used for a valid In-patient admission to qualify for the benefit.",Health_Insurance_Policy_TandC.pdf (Section 3.1.4: Ambulance Cover); List_of_Standard_Claim_Exclusions.pdf (Section 4: Non-Medical Transport),"[Retrieved Chunk 1] (Source: Health_Insurance_Policy_TandC.pdf, Page: 9)
d) Diarrhoea and all types of Dysentery including Gastroenteritis e) Diabetes Mellitus and Diabetes Insipidus f) Epilepsy g) Hypertension h) Influenza, cough or cold i) All Psychiatric or Psychosomatic Disorders j) Pyrexia of unknown origin k) Tonsillitis and Upper Respiratory Tract Infection including Laryngitis and Pharyngitis l) Arthritis, Gout and Rheumatism (viii) Organ Donor Cover The Company will indemnify, through Cashless or Reimbursement Facility, up to the Sum Insured, medical expenses incurred for a qualifying organ donor's transplant surgery during the Policy Year, subject to: • The organ donor qualifying as an eligible donor in accordance with applicable transplantation laws; • The Insured Person being the recipient of the donated organ; • Pre- and Post-Hospitalisation expenses and other medical expenses relating to the donor after organ harvesting are not covered. (ix) Room Rent / ICU Conditions Room Rent: No limit — there is no separate restriction on room charges incurred during hospitalisation. ICU Charges: No limit — there is no separate restriction on ICU charges during hospitalisation. 3.1.2 Road Ambulance Cover

[Retrieved Chunk 2] (Source: Health_Insurance_Policy_TandC.pdf, Page: 14)
ambulance at their own expense, the Company will reimburse those costs in accordance with this benefit's terms; 4. Payment is subject to the related claim for the same illness or injury being admitted under Hospitalisation Expenses; 5. The following documents must be submitted within 30 days of the event: medical reports and transportation details from the air ambulance provider; prescription and medical report from the attending Medical Practitioner; documentary proof of expenses incurred. 3.2.15 Women Care The Company will indemnify Out-Patient medical expenses incurred by female Insured Persons (aged 18 and above), through Cashless Facility, up to the limit specified in the policy schedule, for the following diagnostic tests during the Policy Year: • Mammography • Cervical Cancer Screening • PCOS / PCOD Diagnostic Tests 3.2.16 Mental Health Wellbeing The Company will indemnify Out-Patient medical expenses, through Cashless Facility, up to the limit specified in the policy schedule, for consultation, counselling and rehabilitation for the following conditions during the Policy Year: • Acute Depression • Obsessive Compulsive Disorder • Anxiety

[Retrieved Chunk 3] (Source: Health_Insurance_Policy_TandC.pdf, Page: 9)
ICU Charges: No limit — there is no separate restriction on ICU charges during hospitalisation. 3.1.2 Road Ambulance Cover The Company will indemnify, through Cashless or Reimbursement Facility, up to the Sum Insured, for road ambulance transportation provided by a hospital or ambulance service provider, subject to the related Hospitalisation Expenses claim being admissible, and: • Transportation is from the place of occurrence of the Medical Emergency to the nearest hospital; and/or • Transportation is from one hospital to another for the purpose of providing advanced or better- equipped medical support, certified as medically necessary by the treating Medical Practitioner. 3.1.3 Cumulative Bonus At the end of each Policy Year, the Company will enhance the Sum Insured by 50% on a cumulative basis as a Cumulative Bonus for each completed and continuous Policy Year, subject to: 1. Accrued Cumulative Bonus shall not exceed 100% of the Sum Insured in the expiring or renewed policy, whichever is lower. 2. The entire Cumulative Bonus will be forfeited if the policy is not renewed on or before the Policy"
I am leaving my job. Can I move my corporate health cover to a MeridianHealth individual policy without losing the 2 years of 'waiting period' credit I earned?,"Yes, this is known as ""Migration."" You must apply at least 30 days before your corporate cover ends. You will receive credit for the time served in the corporate plan toward the ""Waiting Periods"" of your new individual policy. However, the final premium and ""Sum Insured"" will be based on MeridianHealth's individual underwriting rules, and you must submit your previous ""Member Kit"" and ""Claim History"" from the corporate insurer.",Health_Insurance_Policy_TandC.pdf (Section 5.1: Migration); Health_Insurance_Claim_Guide.pdf (Corporate Login Section),"[Retrieved Chunk 1] (Source: Health_Insurance_Policy_TandC.pdf, Page: 20)
In case of death of the Policyholder: • Where the policy covers only the Policyholder, the policy becomes null and void from the date and time of death. The Company will refund proportionate premium for the unexpired period, subject to no claim having been made. • Where the policy covers other Insured Persons as well, the policy continues until the end of the Policy Period for those persons. The Company will renew the policy on appointment of a new Policyholder (aged 18 or above, satisfying the Company's criteria), provided written notice is given before the Policy Period End Date. 5.8 Migration The Insured Person has the option to migrate the policy to other health insurance products offered by the Company by applying at least 30 days before the policy renewal date, as per applicable regulatory guidelines on migration. Accrued continuity benefits will be honoured if the policy has been continuously maintained without lapses. 5.9 Portability

[Retrieved Chunk 2] (Source: Policy_Brocher.pdf, Page: 21)
up in specific cases or for higher coverage amounts. Q. At what minimum age can I add my children to my individual health cover? A. Children aged 5 years and above can usually be included under an individual plan. For children younger than 5, you may need to enrol them in a family floater plan that includes at least one adult aged 18 or above. Q. Can a person own more than one health insurance policy? A. Yes. You are allowed to hold multiple health policies. If you own more than one indemnity-based plan from the same or different insurers, you can decide which policy to use to settle a claim, provided the claim amount is within the sum insured of that policy. Q. Can I renew my individual health policy for life? A. Yes. Most modern individual plans come with lifelong renewability, ensuring that you never lose coverage as you grow older, provided you renew the policy on time. Q. What happens if I miss the renewal date? A. Insurers usually offer a grace period — typically 30 days — during which you can renew the policy without losing accumulated benefits. If you fail to renew within this window, the policy lapses and waiting periods may restart with a new policy.

[Retrieved Chunk 3] (Source: Policy_Brocher.pdf, Page: 11)
dependents. Look for nearby cashless network hospitals, modified waiting periods, affordable premiums, and lifelong renewability. Q. What happens if I miss a premium payment?"
"If I use my $5,000 limit for chemotherapy in January, and I need more chemo in March, will the 'Unlimited Recharge' kick in to pay for the second session?","No. The ""Unlimited Automatic Recharge"" typically applies only to ""unrelated"" illnesses or for a different insured member in a floater plan. If the second hospitalization is for the same illness (e.g., the same cancer treatment) within the same policy year, the recharge benefit cannot be triggered. You would need to rely on your base sum insured or any accrued Cumulative Bonus.",Health_Insurance_Policy_TandC.pdf (Section 3.2.3: Unlimited Automatic Recharge); Policy_Brocher.pdf (Page 2: Benefit Highlights),"[Retrieved Chunk 1] (Source: Health_Insurance_Policy_TandC.pdf, Page: 10)
Insured, unlimited times in a Policy Year (valid for that Policy Year only), subject to: 1. Recharge is utilised only after the base Sum Insured, applicable Cumulative Bonus, Cumulative Bonus Super (if applicable) and Plus Benefit (if applicable) have been completely exhausted. 2. A claim under Recharge is only admissible if the related claim is admissible under Hospitalisation Expenses. 3. Recharge amount can be used for the same illness as well as different illnesses. 4. The Sum Insured under this benefit can only be utilised for Hospitalisation Expenses and Road Ambulance Cover. 5. All Insured Persons are eligible to utilise the Recharged amount for any illness or injury in that Policy Year. 6. Cumulative Bonus, Cumulative Bonus Super and Plus Benefit amounts are not considered when calculating the Unlimited Automatic Recharge. 7. Any unutilised Recharge amount cannot be carried forward to a subsequent Policy Year. 3.1.5 Unlimited E-Consultation The Company shall offer unlimited e-consultations with qualified General Physicians at its network during the Policy Year through any available mode of communication (voice/video call, chat, email, etc.).

[Retrieved Chunk 2] (Source: Policy_Brocher.pdf, Page: 25)
member Unlimited Automatic Recharge of Sum Insured Available with selected plans Unlimited E-Consultations Available with selected plans Health Care Services Available with selected plans

[Retrieved Chunk 3] (Source: Health_Insurance_Policy_TandC.pdf, Page: 7)
Necessary. (ii) Day Care Treatment The Company will indemnify medical expenses for all Day Care Treatments through Cashless or Reimbursement Facility, up to the Sum Insured, provided the treatment period does not exceed 24 hours and the treatment was prescribed in writing by a Medical Practitioner as being Medically Necessary. (iii) Advance Technology Methods The Company will indemnify expenses up to the Sum Insured for treatments using the following advanced technology methods, as part of the Hospitalisation Expenses benefit: • Uterine Artery Embolisation and HIFU • Balloon Sinuplasty • Deep Brain Stimulation • Oral Chemotherapy"
"If I am hospitalized for an accident on Day 10 of my policy, will I get the 'Daily Cash' benefit, or does the 30-day waiting period apply to this too?","For accidental hospitalizations, the 30-day waiting period is waived. You would be eligible for the ""Hospital Daily Cash"" from Day 1 of the policy. However, for any illness-related stay, you must complete the initial 30-day waiting period before the Daily Cash benefit becomes active. Note that the benefit usually starts only after the first 24 hours of stay are completed.",Policy_Brocher.pdf (Waiting Periods); Health_Insurance_Policy_TandC.pdf (Section 3.2.2: Hospital Daily Cash),"[Retrieved Chunk 1] (Source: Health_Insurance_Policy_TandC.pdf, Page: 11)
commencing from the 31st day of the policy start date (after the initial 30-day waiting period). Note: This benefit can only be opted when the policy is issued for the first time, and on continuous renewal without break. Either Instant Cover OR PED Wait Period Modification can be opted — not both. 3.2.6 Deductible If opted, the Policyholder receives a discount on the premium payable. The Company shall be liable to make payment under the policy for a claim only once the Deductible (as specified in the policy schedule) on that claim is exhausted. The Deductible applies on an aggregate basis for all claims made by the Insured Person in a Policy Year. Illustrative Example (Sum Insured: 2,500,000 | Deductible: 1,000,000) Claim 1 of 750,000 → Deductible not yet exhausted → Payable: NIL

[Retrieved Chunk 2] (Source: Policy_Brocher.pdf, Page: 18)
inform the insurer's claims department within 24 hours of admission. For a planned hospitalisation, intimate the insurer at least 48 hours before the admission date. The two main claim routes are summarised below: Cashless Claim Process Reimbursement Claim Process Step 1: Visit a hospital from the insurer's network list. Step 1: Submit your claim form along with the required supporting documents. Step 2: Fill out the pre-authorisation form at the hospital's insurance desk. Step 2: Once your claim is verified, you will receive an approval letter from the insurer. Step 3: The completed form is sent to the insurer's claims management team. Step 3: Respond promptly to any queries raised by the claims management team. Step 4: After verification, you will receive an approval letter confirming the cashless arrangement. Step 4: Once all queries are cleared, you will receive final approval. Step 5: Reply to any further queries from the claims team. You will be informed of approval or rejection within the standard turnaround time. Step 5: The claims team will reach out if there are reasons for rejection. Otherwise, the approved

[Retrieved Chunk 3] (Source: Policy_Brocher.pdf, Page: 16)
If you stay healthy and do not file a claim during the policy year, the insurer rewards you by increasing your sum insured by a defined percentage at every renewal — often a minimum of 10% per claim-free year. Pre and Post-Hospitalisation Cover Medical expenses incurred up to 60 days before hospital admission and up to 90 days after discharge are typically covered, supporting your recovery from start to finish. Modern Day-Care Treatment Thanks to advances in medical technology, many treatments are now completed within 24 hours. Hundreds of such day-care procedures are included under most individual plans. Automatic Recharge of Sum Insured If you exhaust your sum insured during the year, many plans automatically refill it at least once during the policy term so that you remain protected for any further medical needs. Annual Health Check-Ups Free annual health screenings are included to help you monitor your health and take preventive action before small issues become serious. Domiciliary Hospitalisation Cover When hospital-level care is required at home — because hospital admission is not possible or beds are"
"If the policyholder dies and there is a dispute between the listed nominee and the legal heirs, who does the company pay?","Under the ""Payment Terms,"" the insurer is legally discharged from liability once it pays the ""Nominee"" listed in the policy schedule. The nominee must provide a cancelled cheque and ID. If there is no nominee, the company will only pay the ""Legal Heir"" upon submission of a valid Succession Certificate or Legal Heir Certificate. This ensures the company stays compliant with contract law.",Health_Insurance_Claim_Guide.pdf (Step 2.3: Demise of Insured); Health_Insurance_Policy_TandC.pdf (Section 6.1.7: Payment Terms),"[Retrieved Chunk 1] (Source: Health_Insurance_Policy_TandC.pdf, Page: 22)
• The Company's official website or customer grievance portal • The official mobile application • Toll-free / messaging contact number • Written correspondence to any Company branch office or corporate office If not satisfied with the outcome, the Insured Person may escalate to the grievance officer at the branch or corporate office. Further, the Insured Person may approach the Insurance Ombudsman of the respective area for independent redressal, as per applicable Ombudsman Rules. 5.17 Nomination The Policyholder is required at policy inception to nominate a person for the purpose of payment of claims in the event of the Policyholder's death. Any change of nomination must be communicated to the Company in writing, effective only upon endorsement. In the event of the Policyholder's death, the Company will pay the nominee (as named in the Policy Schedule/Certificate/Endorsement, if any). If there is no subsisting nominee, payment shall be made to the legal heirs or legal representatives. 5.18 Material Change The Policyholder shall immediately notify the Company in writing of any material change in risk,

[Retrieved Chunk 2] (Source: Health_Insurance_Policy_TandC.pdf, Page: 20)
In case of death of the Policyholder: • Where the policy covers only the Policyholder, the policy becomes null and void from the date and time of death. The Company will refund proportionate premium for the unexpired period, subject to no claim having been made. • Where the policy covers other Insured Persons as well, the policy continues until the end of the Policy Period for those persons. The Company will renew the policy on appointment of a new Policyholder (aged 18 or above, satisfying the Company's criteria), provided written notice is given before the Policy Period End Date. 5.8 Migration The Insured Person has the option to migrate the policy to other health insurance products offered by the Company by applying at least 30 days before the policy renewal date, as per applicable regulatory guidelines on migration. Accrued continuity benefits will be honoured if the policy has been continuously maintained without lapses. 5.9 Portability

[Retrieved Chunk 3] (Source: Health_Insurance_Policy_TandC.pdf, Page: 19)
date of intimation to the date of payment. 5.4 Complete Discharge Any payment to the Policyholder, Insured Person, their nominee, legal representative, assignee or to the hospital (as applicable) for any benefit under the policy shall be a valid and complete discharge of the Company's liability for that claim to the extent of the amount paid. 5.5 Multiple Policies e) The Insured Person has the right to require settlement of a claim in terms of any of their active policies. The chosen insurer is obliged to settle the claim as long as it falls within the limits and terms of that policy."
